[{"id":"user-image-wexyazlmloho.jpg","publicUrl":"np://user.desktop.nicepage.com/Site_8882886/images/wexyazlmloho.jpg","size":36833,"hash":"SAFZJV1DskN1SdunK77hYtL9PRM=","fileName":"wexyazlmloho.jpg","name":"wexyazlmloho","width":1200,"height":1168,"thumbnail":{"url":"np://user.desktop.nicepage.com/Site_8882886/images/thumbnails/wexyazlmloho.jpg","width":250,"height":243},"folderId":null,"usages":[]},{"id":"user-image-b4f60df5-647e-b99f-a687-ec47c26aa869.jpg","publicUrl":"np://user.desktop.nicepage.com/Site_8882886/images/b4f60df5-647e-b99f-a687-ec47c26aa869.jpg","size":143944,"hash":"MYuDu3gRrLR4OY851eD6vhTXjDA=","fileName":"b4f60df5-647e-b99f-a687-ec47c26aa869.jpg","name":"b4f60df5-647e-b99f-a687-ec47c26aa869","width":1200,"height":959,"thumbnail":{"url":"np://user.desktop.nicepage.com/Site_8882886/images/thumbnails/b4f60df5-647e-b99f-a687-ec47c26aa869.jpg","width":250,"height":200},"folderId":null,"originalUrl":"//images01.nicepage.com/c461c07a441a5d220e8feb1a/248f288b31f35a72ba5bf92f/b4f60df5-647e-b99f-a687-ec47c26aa869.jpg","usages":["251896531"]},{"id":"user-image-xsx.jpg","publicUrl":"np://user.desktop.nicepage.com/Site_8882886/images/xsx.jpg","size":171944,"hash":"d82MYqeCMJuYo71srnbB4SP16Rw=","fileName":"xsx.jpg","name":"xsx","width":1600,"height":1000,"thumbnail":{"url":"np://user.desktop.nicepage.com/Site_8882886/images/thumbnails/xsx.jpg","width":250,"height":156},"folderId":null,"originalUrl":"//images01.nicepage.com/c461c07a441a5d220e8feb1a/ba700446f731553797874739/xsx.jpg","usages":["251896531"]},{"id":"user-image-1055-Converted.jpg","publicUrl":"np://user.desktop.nicepage.com/Site_8882886/images/1055-Converted.jpg","size":309494,"hash":"3bt6pe27YIU4TGHauxmv8KiEISQ=","fileName":"1055-Converted.jpg","name":"1055-Converted","width":1980,"height":1320,"thumbnail":{"url":"np://user.desktop.nicepage.com/Site_8882886/images/thumbnails/1055-Converted.jpg","width":250,"height":167},"folderId":null,"originalUrl":"//images01.nicepage.com/c461c07a441a5d220e8feb1a/36ce725bf40750538513d5d5/1055-Converted.jpg","usages":["251896531"]},{"id":"user-image-gffgfg-min.jpg","publicUrl":"np://user.desktop.nicepage.com/Site_8882886/images/gffgfg-min.jpg","size":67129,"hash":"gBUdAm7e2Y9mnaf8zN22wr6uWY4=","fileName":"gffgfg-min.jpg","name":"gffgfg-min","width":1200,"height":1233,"thumbnail":{"url":"np://user.desktop.nicepage.com/Site_8882886/images/thumbnails/gffgfg-min.jpg","width":243,"height":250},"folderId":null,"originalUrl":"//images01.nicepage.com/c461c07a441a5d220e8feb1a/4748304f03e25ca19f35ad7e/gffgfg-min.jpg","usages":["251896531"]},{"id":"user-image-1.jpg","publicUrl":"np://user.desktop.nicepage.com/Site_8882886/images/1.jpg","size":132622,"hash":"aGklPg4f76QKPrBeWV1nUamuPM4=","fileName":"1.jpg","name":"1","width":900,"height":878,"thumbnail":{"url":"np://user.desktop.nicepage.com/Site_8882886/images/thumbnails/1.jpg","width":250,"height":244},"folderId":null,"originalUrl":"//images01.nicepage.com/c461c07a441a5d220e8feb1a/c3664c7c1ef45e43bcdeaef8/1.jpg","usages":["251896531"]},{"id":"user-image-3.jpg","publicUrl":"np://user.desktop.nicepage.com/Site_8882886/images/3.jpg","size":114387,"hash":"UT22Z/+QsORT6nf4MvrbIxthmyQ=","fileName":"3.jpg","name":"3","width":900,"height":878,"thumbnail":{"url":"np://user.desktop.nicepage.com/Site_8882886/images/thumbnails/3.jpg","width":250,"height":244},"folderId":null,"originalUrl":"//images01.nicepage.com/c461c07a441a5d220e8feb1a/045e8f59a68d57989b61ca43/3.jpg","usages":["251896531"]},{"id":"user-image-dfsfdsf.jpg","publicUrl":"np://user.desktop.nicepage.com/Site_8882886/images/dfsfdsf.jpg","size":156995,"hash":"xB8TxciCm0HfF+7+j/fs9XxLxIo=","fileName":"dfsfdsf.jpg","name":"dfsfdsf","width":1200,"height":900,"thumbnail":{"url":"np://user.desktop.nicepage.com/Site_8882886/images/thumbnails/dfsfdsf.jpg","width":250,"height":188},"folderId":null,"originalUrl":"//images01.nicepage.com/c461c07a441a5d220e8feb1a/1539e189b9d35d88993de88b/dfsfdsf.jpg","usages":["251896531"]},{"id":"user-image-2.jpg","publicUrl":"np://user.desktop.nicepage.com/Site_8882886/images/2.jpg","size":152693,"hash":"khqMyBtjdvOSL91hK8a2/GTXWdU=","fileName":"2.jpg","name":"2","width":900,"height":878,"thumbnail":{"url":"np://user.desktop.nicepage.com/Site_8882886/images/thumbnails/2.jpg","width":250,"height":244},"folderId":null,"originalUrl":"//images01.nicepage.com/c461c07a441a5d220e8feb1a/c9800c0d1fa5538ab471fedd/2.jpg","usages":["251896531"]}]