[{"id":42681780,"title":"Blog Template","order":1,"templateKey":"blog","customTemplate":false,"customTemplateFilename":null,"pageLinks":[],"dateCreated":"2024-05-25T20:55:16.296Z","dateUpdated":"2024-05-25T20:55:18.420Z","folderId":null,"pageName":"Blog Template","serverPageId":null,"sectionCount":1,"status":2,"backwardUrl":null},{"id":72679257,"title":"Post Template","order":2,"templateKey":"post","customTemplate":false,"customTemplateFilename":null,"pageLinks":[],"dateCreated":"2024-05-25T20:55:16.543Z","dateUpdated":"2024-05-25T20:55:18.420Z","folderId":null,"pageName":"Post Template","serverPageId":null,"sectionCount":1,"status":2,"backwardUrl":null},{"id":1115621561,"title":"Product List Template","order":3,"templateKey":"products","customTemplate":false,"customTemplateFilename":null,"pageLinks":[],"dateCreated":"2024-05-25T20:55:16.769Z","dateUpdated":"2024-05-25T20:55:18.421Z","folderId":null,"pageName":"Product List Template","serverPageId":null,"sectionCount":1,"status":2,"backwardUrl":null},{"id":373109428,"title":"Product Details Template","order":4,"templateKey":"product","customTemplate":false,"customTemplateFilename":null,"pageLinks":[],"dateCreated":"2024-05-25T20:55:16.972Z","dateUpdated":"2024-05-25T20:55:18.421Z","folderId":null,"pageName":"Product Details Template","serverPageId":null,"sectionCount":1,"status":2,"backwardUrl":null},{"id":1297823654,"title":"Shopping Cart Template","order":5,"templateKey":"cart","customTemplate":false,"customTemplateFilename":null,"pageLinks":[],"dateCreated":"2024-05-25T20:55:17.156Z","dateUpdated":"2024-05-25T20:55:18.421Z","folderId":null,"pageName":"Shopping Cart Template","serverPageId":null,"sectionCount":1,"status":2,"backwardUrl":null},{"id":279438874,"title":"Checkout Template","order":6,"templateKey":"checkout","customTemplate":false,"customTemplateFilename":null,"pageLinks":[],"dateCreated":"2024-05-25T20:55:17.400Z","dateUpdated":"2024-05-25T20:55:18.422Z","folderId":null,"pageName":"Checkout Template","serverPageId":null,"sectionCount":1,"status":2,"backwardUrl":null},{"id":80137729,"title":"Login Template","order":7,"templateKey":"login","customTemplate":false,"customTemplateFilename":null,"pageLinks":[],"dateCreated":"2024-05-25T20:55:17.548Z","dateUpdated":"2024-05-25T20:55:18.422Z","folderId":null,"pageName":"Login Template","serverPageId":null,"sectionCount":1,"status":2,"backwardUrl":null},{"id":565623084,"title":"Page Password Template","order":8,"templateKey":"password","customTemplate":false,"customTemplateFilename":null,"pageLinks":[],"dateCreated":"2024-05-25T20:55:17.653Z","dateUpdated":"2024-05-25T20:55:18.422Z","folderId":null,"pageName":"Page Password Template","serverPageId":null,"sectionCount":1,"status":2,"backwardUrl":null},{"id":49938789,"title":"404 Not Found Template","order":9,"templateKey":"404","customTemplate":false,"customTemplateFilename":null,"pageLinks":[],"dateCreated":"2024-05-25T20:55:17.748Z","dateUpdated":"2024-05-25T20:55:18.422Z","folderId":null,"pageName":"404 Not Found Template","serverPageId":null,"sectionCount":1,"status":2,"backwardUrl":null},{"id":98919916,"title":"Thank You Page Template","order":10,"templateKey":"ThankYou","customTemplate":false,"customTemplateFilename":null,"pageLinks":[],"dateCreated":"2024-05-25T20:55:17.839Z","dateUpdated":"2024-05-25T20:55:18.423Z","folderId":null,"pageName":"Thank You Page Template","serverPageId":null,"sectionCount":1,"status":2,"backwardUrl":null},{"id":251896531,"title":"Giriş","order":50,"templateKey":null,"customTemplate":false,"customTemplateFilename":null,"pageLinks":[],"dateCreated":"2024-05-25T20:55:19.027Z","dateUpdated":"2024-05-25T21:01:08.748Z","folderId":null,"pageName":"Giriş_251896531","serverPageId":null,"sectionCount":11,"status":2,"backwardUrl":null},{"id":45459932,"title":"Hakkında","order":100,"templateKey":null,"customTemplate":false,"customTemplateFilename":null,"pageLinks":[],"dateCreated":"2024-05-25T20:55:17.897Z","dateUpdated":"2024-05-25T20:55:18.423Z","folderId":null,"pageName":"Hakkında_45459932","serverPageId":null,"sectionCount":1,"status":2,"backwardUrl":null},{"id":95465254,"title":"İletişim","order":101,"templateKey":null,"customTemplate":false,"customTemplateFilename":null,"pageLinks":[],"dateCreated":"2024-05-25T20:55:17.947Z","dateUpdated":"2024-05-25T20:55:18.423Z","folderId":null,"pageName":"İletişim_95465254","serverPageId":null,"sectionCount":1,"status":2,"backwardUrl":null}]